,City,Lat,Lon,Max Temp,Humidity,Cloudiness,Wind Speed,Country,Date
0,Bambous Virieux,-20.34,57.76,75.2,60,40,6.93,MU,1600869990
1,Barrow,71.29,-156.79,30.2,68,90,6.93,US,1600869902
2,Vao,-22.67,167.48,69.8,81,35,12.44,NC,1600869991
3,Atuona,-9.8,-139.03,77.86,72,35,21.65,PF,1600869991
4,Mataura,-46.19,168.86,48.0,87,100,5.01,NZ,1600869991
5,Hammerfest,70.66,23.68,44.6,70,75,28.86,NO,1600869992
6,Esperance,-33.87,121.9,50.0,100,17,8.05,AU,1600869992
7,Rikitea,-23.12,-134.97,71.92,73,1,13.85,PF,1600869992
8,Aksu,41.12,80.26,70.07,25,0,3.09,CN,1600869993
9,Ushuaia,-54.8,-68.3,44.6,75,40,5.41,AR,1600869945
10,Kapaa,22.08,-159.32,80.6,69,40,14.99,US,1600869993
11,Castro,-24.79,-50.01,66.96,63,46,9.78,BR,1600869993
12,Igrim,63.19,64.42,41.43,96,100,2.89,RU,1600869994
13,Ribeira Grande,38.52,-28.7,69.8,60,40,17.22,PT,1600869994
14,Valday,57.97,33.25,64.49,67,0,4.38,RU,1600869994
15,Saint Paul Harbor,57.79,-152.41,50.0,87,90,16.11,US,1600869994
16,Fortuna,40.6,-124.16,54.0,93,1,10.29,US,1600869995
17,Esim,4.87,-2.24,79.0,78,59,11.39,GH,1600869995
18,Lompoc,34.64,-120.46,53.6,87,1,3.36,US,1600869995
19,Namtsy,62.72,129.67,33.8,80,0,6.71,RU,1600869996
20,Hobart,-42.88,147.33,44.6,75,75,5.82,AU,1600869861
21,Norman Wells,65.28,-126.83,26.6,92,20,4.16,CA,1600869996
22,Bluff,-46.6,168.33,48.0,87,93,5.01,NZ,1600869997
23,New Norfolk,-42.78,147.06,43.0,78,81,2.68,AU,1600869997
24,Puerto Ayora,-0.74,-90.35,68.0,89,100,5.99,EC,1600869998
25,Nome,64.5,-165.41,37.0,64,1,4.7,US,1600869998
26,Jamestown,42.1,-79.24,60.01,81,1,8.14,US,1600869992
27,Kedrovyy,56.17,91.82,48.2,81,40,11.18,RU,1600869998
28,Hermanus,-34.42,19.23,66.99,70,0,5.99,ZA,1600869999
29,Faanui,-16.48,-151.75,78.75,79,4,16.26,PF,1600869999
30,Araouane,18.9,-3.53,102.54,18,34,4.79,ML,1600869999
31,Manacapuru,-3.3,-60.62,86.0,70,75,8.05,BR,1600870000
32,Hilo,19.73,-155.09,73.4,83,90,6.93,US,1600869972
33,Saskylakh,71.92,114.08,46.53,67,0,14.58,RU,1600870000
34,Ferrol,43.48,-8.24,72.0,64,20,6.93,ES,1600870001
35,Namatanai,-3.67,152.43,80.11,68,33,5.61,PG,1600870001
36,Orlovskiy,46.87,42.06,77.05,24,0,5.77,RU,1600870001
37,Cape Town,-33.93,18.42,71.01,68,10,12.75,ZA,1600869782
38,Mossamedes,-15.2,12.15,70.74,71,25,13.62,AO,1600870002
39,Redcar,54.62,-1.06,52.0,95,100,11.01,GB,1600870002
40,Tura,25.52,90.22,74.25,98,100,4.25,IN,1600870003
41,Phitsanulok,16.92,100.5,82.4,94,75,8.05,TH,1600869751
42,Ayan,56.45,138.17,50.86,70,55,3.78,RU,1600870003
43,Tuatapere,-46.13,167.68,48.0,87,94,5.01,NZ,1600870004
44,Baruun-Urt,46.68,113.28,43.93,63,0,8.21,MN,1600870004
45,La Libertad,-2.23,-80.9,68.0,88,90,9.17,EC,1600870004
46,Mahébourg,-20.41,57.7,75.2,60,40,6.93,MU,1600870005
47,Vaini,-21.2,-175.2,69.8,88,20,6.93,TO,1600870005
48,Yulara,-25.24,130.99,68.0,19,0,10.29,AU,1600870005
49,Northam,51.03,-4.22,60.01,91,96,7.0,GB,1600870005
50,Butaritari,3.07,172.79,81.14,78,68,15.14,KI,1600870006
51,Isangel,-19.55,169.27,70.2,82,4,9.55,VU,1600870006
52,Ilulissat,69.22,-51.1,28.4,46,75,4.7,GL,1600870006
53,Busselton,-33.65,115.33,61.0,49,0,11.21,AU,1600869723
54,East London,-33.02,27.91,73.4,64,12,8.05,ZA,1600870007
55,Pevek,69.7,170.31,37.83,99,100,7.36,RU,1600870007
56,Bredasdorp,-34.53,20.04,68.0,56,0,8.05,ZA,1600869971
57,Airai,-8.93,125.41,62.62,66,0,2.46,TL,1600870008
58,Taoudenni,22.68,-3.98,109.94,8,4,3.65,ML,1600870008
59,Coquimbo,-29.95,-71.34,51.8,93,20,4.7,CL,1600870008
60,Bethel,41.37,-73.41,60.01,67,1,4.7,US,1600870009
61,Takoradze,4.88,-1.76,78.4,81,97,11.61,GH,1600870009
62,Orhei,47.38,28.82,77.0,22,0,6.93,MD,1600870009
63,Lüderitz,-26.65,15.16,68.36,43,0,7.85,NA,1600869886
64,Tolaga Bay,-38.37,178.3,56.84,80,82,6.02,NZ,1600870010
65,‘Āhuimanu,21.44,-157.84,78.8,74,40,8.05,US,1600870010
66,Estelle,29.85,-90.11,81.0,94,90,11.41,US,1600870003
67,Katsuura,35.13,140.3,69.8,94,75,20.8,JP,1600870010
68,Geraldton,-28.77,114.6,59.0,58,32,5.82,AU,1600870011
69,San Ramon,37.78,-121.98,57.99,82,1,2.71,US,1600870011
70,Nexø,55.06,15.13,66.2,82,70,2.24,DK,1600870011
71,Albany,42.6,-73.97,62.01,61,59,1.01,US,1600869739
72,Laguna,38.42,-121.42,59.0,67,1,3.36,US,1600870011
73,Chapais,49.78,-74.85,55.4,93,90,6.93,CA,1600870012
74,Bathsheba,13.22,-59.52,89.6,66,40,11.41,BB,1600870012
75,Vila Franca do Campo,37.72,-25.43,66.2,93,75,13.87,PT,1600870013
76,Cockburn Town,21.46,-71.14,84.2,70,40,4.7,TC,1600870013
77,Taltal,-25.4,-70.48,62.15,61,26,4.94,CL,1600870013
78,Matara,5.95,80.54,79.23,84,38,8.63,LK,1600870014
79,Pierreville,46.07,-72.81,57.99,82,90,2.24,CA,1600870014
80,Sarankhola,22.31,89.79,79.83,93,100,5.41,BD,1600870014
81,Khatanga,71.97,102.5,47.21,85,100,6.98,RU,1600870014
82,Pechenga,69.53,31.17,44.6,66,75,20.8,RU,1600870014
83,Khandyga,62.67,135.6,39.69,74,0,2.35,RU,1600870015
84,Zhuanghe,39.7,122.99,66.0,81,100,1.14,CN,1600870015
85,Laas,46.62,10.7,64.0,87,90,5.82,IT,1600870015
86,Lavumisa,-27.31,31.89,84.25,28,0,9.33,SZ,1600870015
87,Malé,4.17,73.51,82.4,88,75,17.22,MV,1600870016
88,Los Llanos de Aridane,28.66,-17.92,78.8,74,20,5.82,ES,1600870016
89,Molteno,-31.4,26.36,73.69,20,0,11.56,ZA,1600870016
90,Luganville,-15.53,167.17,75.27,82,58,9.69,VU,1600870017
91,Ulladulla,-35.35,150.47,55.4,54,0,13.87,AU,1600870017
92,Panabá,21.28,-88.27,82.09,78,83,2.06,MX,1600870018
93,Scarborough,54.28,-0.4,54.0,93,100,5.01,GB,1600869810
94,Punta Arenas,-53.15,-70.92,46.4,70,75,21.92,CL,1600870019
95,Upernavik,72.79,-56.15,28.18,97,96,12.12,GL,1600870019
96,Vardø,70.37,31.11,44.6,65,75,12.75,NO,1600870019
97,Qaanaaq,77.48,-69.36,13.5,81,44,13.47,GL,1600870019
98,Ponta do Sol,32.67,-17.1,82.4,58,40,19.46,PT,1600870020
99,Ixtapa,20.7,-105.2,77.0,94,75,6.93,MX,1600870020
100,São Pedro do Sul,-29.62,-54.18,62.6,72,0,5.82,BR,1600870020
101,Humaitá,-7.51,-63.02,86.86,61,77,3.49,BR,1600870021
102,Kupino,54.37,77.3,45.14,84,100,23.24,RU,1600870021
103,Embonas,36.23,27.86,82.4,65,20,21.92,GR,1600870022
104,Miramar,25.99,-80.23,84.99,54,1,10.29,US,1600869779
105,Talnakh,69.49,88.4,41.0,75,75,8.95,RU,1600870022
106,Berlevåg,70.86,29.09,44.6,71,99,5.82,NO,1600870023
107,Vysokogornyy,50.12,139.15,41.16,91,11,0.81,RU,1600870023
108,Basco,20.45,121.97,82.62,76,42,13.0,PH,1600870023
109,Keti Bandar,24.14,67.45,85.19,75,0,13.02,PK,1600870023
110,Hong Kong,22.29,114.16,84.0,74,100,8.01,HK,1600869856
111,Zambezi,-13.54,23.1,94.91,10,0,10.65,ZM,1600870024
112,Comodoro Rivadavia,-45.87,-67.5,53.6,49,0,14.99,AR,1600870024
113,Port Augusta,-32.5,137.77,50.0,87,2,4.7,AU,1600870025
114,Eydhafushi,5.1,73.07,82.06,79,64,10.38,MV,1600870025
115,Dingle,11.0,122.67,77.27,88,64,3.06,PH,1600870025
116,Arraial do Cabo,-22.97,-42.03,73.4,64,75,10.29,BR,1600870025
117,Agirish,61.92,63.02,40.84,93,86,6.76,RU,1600870026
118,Mar del Plata,-38.0,-57.56,55.4,76,100,8.05,AR,1600869867
119,Zhoucheng,35.91,116.31,68.47,67,80,6.98,CN,1600870026
120,Dikson,73.51,80.55,40.57,88,100,15.1,RU,1600870026
121,Nikolskoye,59.7,30.79,69.8,56,0,8.95,RU,1600870027
122,Idrinskoye,54.37,92.14,49.01,77,100,5.77,RU,1600870028
123,Port Alfred,-33.59,26.89,69.58,57,27,9.73,ZA,1600870028
124,Mondeville,49.17,-0.32,66.2,82,100,16.11,FR,1600870028
125,Mandurah,-32.55,115.7,61.0,70,0,12.37,AU,1600870029
126,Tasiilaq,65.61,-37.64,30.2,58,20,8.05,GL,1600870029
127,Baisha,26.52,110.93,62.35,86,100,0.81,CN,1600870029
128,Haines Junction,60.75,-137.51,37.45,85,100,2.3,CA,1600870030
129,Beringovskiy,63.05,179.32,40.8,70,55,7.18,RU,1600870030
130,Bay Roberts,47.6,-53.26,69.01,93,90,16.11,CA,1600870030
131,Pozo Colorado,-23.49,-58.8,85.1,41,0,6.33,PY,1600870031
132,Podgorica,42.44,19.26,66.2,88,75,10.29,ME,1600870031
133,Constitución,-35.33,-72.42,60.67,55,0,3.78,CL,1600870031
134,San Cristobal,7.77,-72.22,80.6,61,40,4.7,VE,1600870031
135,Anchorage,61.22,-149.9,46.99,87,90,4.16,US,1600870031
136,Saldanha,-33.01,17.94,77.0,41,0,10.29,ZA,1600870032
137,Avarua,-21.21,-159.78,77.0,94,87,8.05,CK,1600870032
138,Zverinogolovskoye,54.46,64.85,46.4,67,90,17.58,RU,1600870033
139,Tucumcari,35.17,-103.72,53.6,62,1,3.56,US,1600870033
140,Dunedin,-45.87,170.5,52.0,81,100,1.99,NZ,1600870033
141,Chichimila,20.62,-88.22,84.06,70,37,1.57,MX,1600870033
142,Petropavlovsk-Kamchatskiy,53.05,158.65,39.2,100,20,4.47,RU,1600870034
143,Lata,40.16,-8.33,80.01,58,100,7.11,PT,1600870034
144,Guanhães,-18.77,-42.93,69.57,73,99,5.3,BR,1600870034
145,Kharan,28.58,65.42,82.54,15,0,4.7,PK,1600870035
146,Porto-Novo,6.5,2.6,84.2,74,40,12.75,BJ,1600870035
147,Moree,-29.47,149.85,55.4,54,0,9.17,AU,1600870035
148,George Town,5.41,100.34,86.0,79,40,2.24,MY,1600869960
149,Souillac,-20.52,57.52,75.2,60,40,6.93,MU,1600870035
150,Kudahuvadhoo,2.67,72.89,82.69,75,84,11.03,MV,1600870036
151,Garoua,9.3,13.4,73.4,88,20,3.36,CM,1600870036
152,Cravo Norte,6.3,-70.2,84.97,73,100,5.19,CO,1600870037
153,Camacha,33.08,-16.33,77.0,73,40,14.99,PT,1600870037
154,Thompson,55.74,-97.86,41.0,86,75,2.24,CA,1600870032
155,Iralaya,15.0,-83.23,80.6,83,40,3.18,HN,1600870037
156,Muros,42.78,-9.06,69.01,77,100,14.0,ES,1600870038
157,Leningradskiy,69.38,178.42,36.19,94,100,14.83,RU,1600870038
158,Saint-Philippe,-21.36,55.77,73.4,60,75,14.99,RE,1600870038
159,Oranjemund,-28.55,16.43,73.17,31,0,18.07,NA,1600870038
160,Richards Bay,-28.78,32.04,77.49,52,0,14.29,ZA,1600870039
161,Cherskiy,68.75,161.3,40.89,96,100,9.64,RU,1600870039
162,La Ronge,55.1,-105.28,37.4,93,20,3.36,CA,1600870040
163,Mumford,5.26,-0.76,78.01,80,82,14.83,GH,1600869840
164,Benghazi,32.12,20.07,81.0,57,0,8.66,LY,1600870040
165,Yellowknife,62.46,-114.35,44.6,100,75,8.05,CA,1600870041
166,Am Timan,11.03,20.28,85.95,66,84,3.56,TD,1600870041
167,Hofn,64.25,-15.21,42.98,62,99,11.74,IS,1600870042
168,Moranbah,-22.0,148.05,70.84,85,52,9.6,AU,1600870042
169,Belaya Gora,68.53,146.42,40.75,81,18,7.92,RU,1600870042
170,Tuktoyaktuk,69.45,-133.04,33.8,100,90,7.36,CA,1600870042
171,Iqaluit,63.75,-68.51,35.6,80,90,26.4,CA,1600869815
172,Bytów,54.17,17.49,77.0,44,14,10.29,PL,1600870043
173,Sibolga,1.74,98.78,76.21,89,100,1.19,ID,1600870043
174,Chui,-33.7,-53.46,61.9,60,66,4.16,UY,1600870044
175,Chokurdakh,70.63,147.92,37.51,91,65,7.09,RU,1600870044
176,Lebu,-37.62,-73.65,52.61,65,56,8.63,CL,1600870044
177,Cabo San Lucas,22.89,-109.91,82.0,78,40,4.7,MX,1600869961
178,Cidreira,-30.18,-50.21,65.46,64,0,11.9,BR,1600870045
179,Husavik,66.04,-17.34,39.2,69,75,11.41,IS,1600870045
180,Sorong,-0.88,131.25,78.76,85,100,5.91,ID,1600870045
181,Pachino,36.72,15.09,84.99,79,49,13.87,IT,1600870046
182,Hamilton,39.18,-84.53,63.0,83,56,2.75,US,1600869886
183,Handan,36.6,114.47,64.89,81,96,3.15,CN,1600870046
184,Pacifica,37.61,-122.49,60.8,72,1,9.17,US,1600870046
185,Arrondissement d'Ajaccio,42.0,8.92,78.8,65,36,8.05,FR,1600870046
186,Maragogi,-9.01,-35.22,79.79,68,52,10.85,BR,1600870047
187,Kabelvåg,68.21,14.48,55.99,76,75,35.57,NO,1600870047
188,Ostrovnoy,68.05,39.51,46.17,69,57,10.98,RU,1600870047
189,Khingansk,49.12,131.18,44.85,99,48,5.08,RU,1600870048
190,Mehrān,33.12,46.16,91.4,13,0,16.11,IR,1600870048
191,Port Hardy,50.7,-127.42,55.4,93,90,16.11,CA,1600870048
192,Grindavik,63.84,-22.43,41.0,60,40,20.8,IS,1600870048
193,Jataizinho,-23.25,-50.98,73.4,56,1,10.29,BR,1600870049
194,San Quintín,30.48,-115.95,70.07,72,0,6.78,MX,1600870049
195,Klaksvík,62.23,-6.59,46.4,75,30,14.99,FO,1600870049
196,Batagay,67.63,134.63,38.97,75,32,0.94,RU,1600870050
197,Freeport,40.66,-73.58,69.01,55,1,9.17,US,1600869860
198,Katangli,51.71,143.23,44.26,78,0,6.89,RU,1600870050
199,Sălard,47.22,22.05,82.4,32,72,9.17,RO,1600870050
200,Kulhudhuffushi,6.62,73.07,82.18,77,97,13.44,MV,1600870051
201,Sitka,57.05,-135.33,57.2,58,90,14.99,US,1600869843
202,Huarmey,-10.07,-78.15,66.06,72,91,4.47,PE,1600870051
203,Lokosovo,61.13,74.82,41.02,88,100,8.75,RU,1600870051
204,Tigil',57.8,158.67,33.17,93,0,2.28,RU,1600870052
205,Hay River,60.82,-115.8,42.8,87,75,6.93,CA,1600870052
206,Pāvilosta,56.89,21.19,69.8,64,20,10.29,LV,1600870053
207,Mayabon,9.1,123.17,82.0,83,95,8.43,PH,1600870053
208,Nahrin,36.06,69.13,53.67,40,0,2.35,AF,1600870053
209,Tarko-Sale,64.92,77.78,41.0,83,98,42.99,RU,1600870053
210,Ouadda,8.08,22.4,81.66,69,9,4.32,CF,1600870054
211,Port Lincoln,-34.73,135.87,52.75,66,66,12.19,AU,1600870054
212,Arlit,18.74,7.39,101.66,9,0,2.8,NE,1600870054
213,Lázaro Cárdenas,17.96,-102.2,79.11,82,0,4.72,MX,1600870055
214,Kahului,20.89,-156.47,73.99,69,20,3.36,US,1600870055
215,Jesús María,-30.98,-64.09,78.8,12,80,13.87,AR,1600870055
216,Ketchikan,55.34,-131.65,57.2,93,90,10.29,US,1600870055
217,Kaitangata,-46.28,169.85,50.0,79,100,1.99,NZ,1600870056
218,Belebey,54.12,54.12,50.7,67,88,10.78,RU,1600870056
219,Lao Cai,22.48,103.95,75.88,86,100,1.68,VN,1600870056
220,Fallon,39.47,-118.78,50.0,43,1,6.93,US,1600870056
221,Jaca,42.57,-0.55,75.99,67,81,1.99,ES,1600870057
222,Oytal,42.91,73.27,60.48,35,0,0.92,KZ,1600870057
223,Moanda,-1.56,13.22,86.0,62,75,6.93,GA,1600870057
224,Vestmannaeyjar,63.44,-20.27,42.8,65,100,5.82,IS,1600870058
225,Kavieng,-2.57,150.8,82.53,67,73,7.94,PG,1600870058
226,Marabu,4.41,114.01,75.2,100,40,6.93,MY,1600870058
227,Port Hawkesbury,45.62,-61.35,62.01,100,90,19.46,CA,1600869988
228,Otradnoye,59.78,30.82,68.0,68,0,6.62,RU,1600870059
229,Saint George,37.1,-113.58,66.0,34,1,4.7,US,1600869944
230,Acaraú,-2.89,-40.12,88.86,46,0,18.81,BR,1600869976
231,Oriximiná,-1.77,-55.87,93.54,42,65,6.89,BR,1600870059
232,San Policarpo,12.18,125.51,79.27,86,94,5.39,PH,1600870059
233,Oga,46.46,10.35,64.0,62,75,11.41,IT,1600870060
234,Kamaishi,39.27,141.88,66.0,84,95,12.37,JP,1600870060
235,Walvis Bay,-22.96,14.51,62.6,67,19,8.05,NA,1600870060
236,Bengkulu,-3.8,102.27,79.92,89,96,7.76,ID,1600870060
237,Khovd,48.01,91.64,55.26,44,85,4.45,MN,1600870061
238,Maceió,-9.67,-35.74,82.4,58,75,12.75,BR,1600870061
239,Caravelas,-17.71,-39.25,81.48,61,46,10.31,BR,1600870061
240,Adeje,28.12,-16.73,77.0,78,20,6.93,ES,1600870061
241,Kabanjahe,3.1,98.49,65.1,97,92,4.12,ID,1600870062
242,Bullhead City,35.15,-114.57,73.99,35,0,0.98,US,1600869953
243,Zhezkazgan,47.8,67.71,60.8,38,90,26.84,KZ,1600870062
244,Vanavara,60.34,102.28,44.1,84,97,5.37,RU,1600870062
245,Faya,18.39,42.45,84.2,12,20,12.75,SA,1600870063
246,High Rock,26.62,-78.28,80.6,74,40,6.93,BS,1600870063
247,Fort-Shevchenko,44.51,50.26,66.09,34,0,9.55,KZ,1600870063
248,La Santisima Trinidad,-14.83,-64.9,75.2,64,0,3.36,BO,1600870063
249,Nago,26.59,127.98,78.8,94,1,3.98,JP,1600870064
250,Genhe,50.78,121.52,37.02,92,94,2.75,CN,1600870064
251,Finschhafen,-6.6,147.87,79.12,76,0,3.33,PG,1600870064
252,Liteni,47.57,26.2,73.4,38,21,8.05,RO,1600870064
253,Mīzan Teferī,6.98,35.58,65.5,92,99,1.92,ET,1600870065
254,Dindori,22.95,81.08,75.56,92,100,8.08,IN,1600870065
255,Torbay,47.67,-52.73,64.99,100,90,24.16,CA,1600870065
256,Hargeisa,9.56,44.06,78.17,50,96,17.4,SO,1600870065
257,Glyadyanskoye,54.91,65.09,44.92,71,76,16.42,RU,1600870066
258,Nueva Loja,0.08,-76.88,71.6,100,90,6.93,EC,1600870066
259,Flinders,-34.58,150.86,57.0,62,0,1.01,AU,1600870066
260,Polunochnoye,60.87,60.42,42.58,82,50,9.13,RU,1600870067
261,Maniitsoq,65.42,-52.9,33.01,85,0,14.05,GL,1600870067
262,Cochrane,51.18,-114.47,43.0,75,1,3.36,CA,1600870067
263,Carnarvon,-24.87,113.63,66.2,72,44,4.65,AU,1600870067
264,Clyde River,70.47,-68.59,23.0,79,20,2.24,CA,1600870068
265,Hasaki,35.73,140.83,68.0,100,75,16.11,JP,1600870068
266,Longyearbyen,78.22,15.64,33.8,59,75,11.41,SJ,1600870068
267,Kruisfontein,-34.0,24.73,67.68,48,1,6.62,ZA,1600870068
268,Stykkisholmur,65.08,-22.73,38.35,75,71,24.09,IS,1600869602
269,Yumen,40.28,97.2,62.94,27,99,9.71,CN,1600870069
270,Malatya Province,38.5,38.0,89.6,22,20,4.7,TR,1600870069
271,Giohar,2.78,45.5,85.32,54,45,19.1,SO,1600870069
272,Victor Harbor,-35.57,138.62,48.0,83,1,9.91,AU,1600870040
273,Barranca,-10.75,-77.77,64.0,77,100,4.68,PE,1600869782
274,Mount Gambier,-37.83,140.77,42.8,100,75,5.82,AU,1600870070
275,Liboro,13.82,122.73,81.68,80,84,4.47,PH,1600870070
276,Abhā,18.22,42.51,84.2,12,20,12.75,SA,1600870070
277,Mikun',62.35,50.08,44.98,73,33,7.63,RU,1600870070
278,Dhidhdhoo,6.88,73.1,82.24,78,80,13.8,MV,1600870071
279,Sangar,63.92,127.47,40.93,78,87,1.86,RU,1600870071
280,Weinan,34.5,109.51,72.0,100,87,2.24,CN,1600870071
281,Lakes Entrance,-37.88,147.98,46.0,84,7,16.44,AU,1600870072
282,Pocatello,42.87,-112.45,59.0,70,1,8.05,US,1600870072
283,Iskateley,67.68,53.15,41.86,80,33,10.94,RU,1600870072
284,Kichera,55.94,110.1,42.96,72,0,2.75,RU,1600870072
285,Belomorsk,64.52,34.77,51.93,60,27,8.63,RU,1600870073
286,Ahipara,-35.17,173.17,57.97,92,47,10.13,NZ,1600870073
287,Kultuk,51.72,103.7,46.9,81,0,5.17,RU,1600870073
288,Bodmin,50.47,-4.72,57.0,82,40,16.11,GB,1600870074
289,Koster,-25.86,26.9,75.02,25,0,5.75,ZA,1600870074
290,Harper,4.38,-7.72,79.09,84,52,12.75,LR,1600870074
291,Lufilufi,-13.87,-171.6,73.4,88,40,3.36,WS,1600870074
292,Bilma,18.69,12.92,101.21,10,0,3.29,NE,1600870075
293,Codrington,-38.27,141.97,46.42,81,100,8.72,AU,1600870075
294,Beira,-19.84,34.84,78.8,57,20,14.99,MZ,1600870075
295,Morondava,-20.28,44.28,78.53,69,0,19.42,MG,1600870075
296,Kwang Binh,17.48,106.6,81.84,85,64,8.93,VN,1600870076
297,Labuhan,-6.88,112.21,82.69,79,98,3.6,ID,1600870076
298,Atbasar,51.8,68.33,45.57,81,96,14.58,KZ,1600870076
299,Jalingo,8.88,11.37,83.95,71,95,5.79,NG,1600870077
300,Flin Flon,54.77,-101.86,39.2,100,20,1.34,CA,1600870077
301,Hithadhoo,-0.6,73.08,83.19,62,40,5.39,MV,1600870077
302,Harrison,30.41,-89.04,75.0,83,90,8.05,US,1600870078
303,Havre-St-Pierre,50.23,-63.6,51.8,93,90,10.29,CA,1600870078
304,Touros,-5.2,-35.46,84.2,58,75,11.41,BR,1600870079
305,Provideniya,64.38,-173.3,37.42,80,13,3.4,RU,1600870079
306,Port Elizabeth,-33.92,25.57,71.6,37,0,11.41,ZA,1600870079
307,Alyangula,-13.85,136.42,77.0,83,0,5.84,AU,1600870079
308,Maţāy,28.42,30.78,94.87,27,0,15.43,EG,1600870080
309,Honiara,-9.43,159.95,75.2,94,40,2.53,SB,1600870080
310,Champerico,14.3,-91.92,75.2,83,75,4.0,GT,1600870080
311,Yanam,16.73,82.22,84.2,79,75,4.7,IN,1600870081
312,Joaíma,-16.65,-41.03,86.58,44,89,5.12,BR,1600870081
313,Mahon,39.89,4.27,80.6,69,20,17.22,ES,1600869920
314,Yārāda,17.65,83.27,84.2,83,40,10.29,IN,1600870081
315,La Florida,1.3,-77.41,64.4,55,90,3.36,CO,1600870082
316,Jacmel,18.23,-72.53,84.2,79,40,9.17,HT,1600870082
317,Ukiah,39.15,-123.21,53.6,71,1,1.57,US,1600870058
318,Kirkwall,58.98,-2.96,50.0,66,20,1.12,GB,1600870082
319,Pisco,-13.7,-76.22,62.6,82,75,3.36,PE,1600870083
320,Atar,20.52,-13.05,103.26,17,0,3.69,MR,1600870083
321,Sechura,-5.56,-80.82,66.18,76,100,7.34,PE,1600870083
322,Artyshta,54.12,86.29,42.96,77,31,10.92,RU,1600870084
323,Tautira,-17.73,-149.15,77.0,69,20,5.82,PF,1600870084
324,Badiraguato,25.37,-107.52,82.0,95,52,2.46,MX,1600870084
325,College,64.86,-147.8,42.8,70,75,6.93,US,1600870085
326,La Ligua,-32.45,-71.23,59.0,82,100,2.24,CL,1600870085
327,Vila Velha,-20.33,-40.29,69.8,94,90,16.11,BR,1600870065
328,Rincon,32.3,-81.24,66.99,82,75,3.36,US,1600869832
329,Baymak,52.59,58.32,48.29,72,100,12.44,RU,1600870086
330,Eureka,40.8,-124.16,54.0,87,1,4.7,US,1600869905
331,Ipixuna,-1.76,-48.8,86.0,66,40,16.11,BR,1600870086
332,Gympie,-26.19,152.66,62.01,95,100,1.83,AU,1600870087
333,Arrondissement du Havre,49.58,0.33,66.99,88,100,11.41,FR,1600870087
334,Lagoa,39.05,-27.98,64.63,76,32,24.87,PT,1600870087
335,Wajir,1.75,40.06,90.86,36,96,11.63,KE,1600870087
336,São Félix do Xingu,-6.64,-51.99,97.34,35,7,3.94,BR,1600870088
337,San Patricio,19.22,-104.7,78.49,81,50,2.44,MX,1600870088
338,Nishishinminato,36.78,137.07,73.99,84,55,8.01,JP,1600870088
339,Izhma,65.01,53.91,43.56,75,100,11.92,RU,1600870088
340,Altamira,-3.2,-52.21,86.0,70,75,10.29,BR,1600870089
341,San Fernando del Valle de Catamarca,-28.47,-65.79,73.17,23,36,1.72,AR,1600870089
342,Puyang,29.46,119.89,62.87,90,100,2.1,CN,1600870089
343,Bariloche,-41.15,-71.31,41.0,65,0,2.24,AR,1600869815
344,Westport,41.14,-73.36,66.99,59,1,5.82,US,1600870090
345,Te Anau,-45.42,167.72,45.68,87,88,5.35,NZ,1600870090
346,Banff,51.18,-115.57,48.99,63,89,7.0,CA,1600870090
347,Alofi,-19.06,-169.92,68.0,100,100,4.7,NU,1600870090
348,Coahuayana Viejo,18.73,-103.68,71.6,83,75,3.04,MX,1600870090
349,Goderich,43.75,-81.72,66.99,74,7,1.01,CA,1600869956
350,São João da Barra,-21.64,-41.05,69.8,94,90,11.41,BR,1600870091
351,Beyneu,45.32,55.2,67.21,24,0,7.27,KZ,1600870091
352,Ardakān,32.31,54.02,86.0,16,20,13.87,IR,1600870091
353,Pochutla,15.74,-96.47,80.01,78,5,3.18,MX,1600870092
354,Pascagoula,30.37,-88.56,75.99,78,20,5.82,US,1600870030
355,Twin Falls,42.56,-114.46,64.0,27,1,13.87,US,1600869917
356,Waspán,14.74,-83.97,80.6,83,40,2.82,NI,1600870092
357,Nouadhibou,20.93,-17.03,78.8,74,75,16.11,MR,1600870092
358,Areosa,41.72,-8.86,69.8,77,40,8.05,PT,1600870093
359,Sukhodol,53.9,51.21,54.75,72,19,10.6,RU,1600870093
360,Chālūs,36.66,51.42,77.0,69,75,1.5,IR,1600870093
361,Sierra Vista,31.55,-110.3,70.0,43,1,9.17,US,1600870076
362,Malanje,-9.54,16.34,89.83,33,30,1.72,AO,1600870094
363,Ulaanbaatar,47.91,106.88,41.0,75,27,6.71,MN,1600869955
364,Puerto Escondido,15.85,-97.07,75.2,83,40,6.93,MX,1600869920
365,Luau,-10.71,22.22,95.25,16,0,3.31,AO,1600870094
366,Batagay-Alyta,67.8,130.41,35.17,84,51,0.51,RU,1600870095
367,Tungor,53.38,142.96,42.94,83,0,3.04,RU,1600870095
368,Newport,51.59,-3.0,63.0,70,67,1.99,GB,1600870095
369,Yarmouth,41.71,-70.23,66.0,51,1,10.29,US,1600870021
370,Salalah,17.02,54.09,80.6,88,75,11.41,OM,1600870095
371,Ebenthal,46.61,14.36,70.0,64,40,3.36,AT,1600870096
372,Weligama,5.97,80.42,79.34,85,47,8.01,LK,1600870096
373,Ankang,32.68,109.02,62.01,47,0,1.05,CN,1600870096
374,Bhuban,20.88,85.83,81.73,85,93,6.98,IN,1600870096
375,Misratah,32.38,15.09,93.76,31,15,7.94,LY,1600870097
376,Karratha,-20.74,116.85,70.21,58,7,0.63,AU,1600870097
377,Okha,53.57,142.95,45.36,80,0,3.51,RU,1600870097
378,Tateyama,34.98,139.87,69.8,94,75,20.8,JP,1600870097
379,Nanortalik,60.14,-45.24,38.89,71,76,10.25,GL,1600870098
380,Kętrzyn,54.08,21.38,75.22,49,0,9.06,PL,1600870098
381,Vangaindrano,-23.35,47.6,69.87,74,60,9.31,MG,1600870098
382,Menongue,-14.66,17.69,95.65,11,0,9.62,AO,1600870098
383,Kiama,-34.68,150.87,57.0,65,0,5.01,AU,1600870099
384,Neiafu,-18.65,-173.98,71.6,94,40,10.87,TO,1600870099
385,Samarai,-10.62,150.67,78.3,85,88,13.98,PG,1600870099
386,Mount Isa,-20.73,139.5,75.2,23,0,10.29,AU,1600870012
387,Pocrí,8.27,-80.55,78.8,88,20,5.82,PA,1600870100
388,Bagé,-31.33,-54.11,64.4,63,89,3.36,BR,1600870100
389,Ancud,-41.87,-73.82,49.24,63,0,5.1,CL,1600870100
390,Dātāganj,28.03,79.4,79.02,86,100,10.2,IN,1600870101
391,Nowy Dwór Gdański,54.21,19.12,78.01,44,79,10.29,PL,1600870101
392,Obo,5.4,26.49,83.86,69,0,4.12,CF,1600870101
393,Sørland,67.67,12.69,51.8,81,75,46.08,NO,1600870102
394,Tiarei,-17.53,-149.33,77.0,69,20,5.82,PF,1600870102
395,Sisimiut,66.94,-53.67,33.06,87,2,12.64,GL,1600870102
396,Maiduguri,11.85,13.16,98.1,26,25,5.48,NG,1600870102
397,Heubach,48.79,9.93,69.01,61,59,1.99,DE,1600870103
398,Bonga,7.28,36.23,63.07,90,100,0.69,ET,1600870103
399,Lujiang,31.26,117.28,69.8,83,25,4.47,CN,1600870103
400,Lavrentiya,65.58,-171.0,37.51,87,88,6.02,RU,1600870103
401,Nemuro,43.32,145.57,56.43,70,0,11.07,JP,1600870103
402,Valleyview,55.07,-117.29,45.3,86,100,10.38,CA,1600869854
403,Vostok,46.49,135.88,43.57,98,0,3.36,RU,1600870104
404,Innisfail,-17.53,146.03,69.01,88,43,4.36,AU,1600870104
405,Wagar,16.15,36.2,103.71,13,100,3.53,SD,1600870104
406,Quatre Cocos,-20.21,57.76,75.2,60,40,6.93,MU,1600870105
407,São Filipe,14.9,-24.5,80.78,78,14,4.52,CV,1600870105
408,Mildura,-34.2,142.15,48.2,70,0,6.93,AU,1600870040
409,Rio Grande,-32.03,-52.1,63.03,74,73,7.99,BR,1600869854
410,Micheweni,-4.97,39.83,80.42,72,18,12.12,TZ,1600870106
411,Maturin,9.75,-63.18,85.57,74,97,5.79,VE,1600870106
412,Vladičin Han,42.71,22.06,80.01,55,100,3.0,RS,1600870106
413,São Marcos,-28.97,-51.07,66.0,64,0,8.99,BR,1600870107
414,Krasnosel'kup,65.7,82.47,39.63,77,26,8.66,RU,1600870107
415,Uvira,-3.41,29.15,84.72,43,15,8.32,CD,1600870107
416,Czersk,53.8,17.98,75.0,50,51,15.99,PL,1600870107
417,Luba,3.46,8.55,82.4,78,75,6.93,GQ,1600870108
418,Xinzhou,38.41,112.73,55.81,85,8,2.64,CN,1600870108
419,Cotonou,6.37,2.42,84.2,74,40,12.75,BJ,1600870108
420,Williams Lake,52.14,-122.14,51.8,71,90,13.87,CA,1600870108
421,Phan Thiet,10.93,108.1,79.61,82,24,1.83,VN,1600870109
422,Bad Laasphe,50.93,8.4,72.0,42,0,14.99,DE,1600870109
423,Roura,4.73,-52.33,86.0,74,62,8.05,GF,1600870109
424,City of San Pedro,14.35,121.02,78.8,88,75,3.36,PH,1600870110
425,Qui Nhon,13.77,109.23,81.95,79,73,5.35,VN,1600870110
426,Brae,60.4,-1.35,51.8,62,20,3.36,GB,1600870110
427,Tsabong,-26.02,22.4,86.32,24,0,12.93,BW,1600870110
428,Mnogovershinnyy,53.94,139.92,40.96,79,0,3.31,RU,1600870111
429,Peniche,39.36,-9.38,73.99,81,100,8.01,PT,1600870111
430,kimparana,12.83,-4.92,91.29,47,25,10.0,ML,1600870111
431,Canutama,-6.53,-64.38,83.53,66,100,4.74,BR,1600869979
432,George Town,5.41,100.34,86.0,79,40,2.24,MY,1600870112
433,Isabela,6.71,121.97,80.83,77,100,1.45,PH,1600870112
434,Hecun,36.53,114.11,63.84,83,96,1.68,CN,1600870112
435,Kiryat Gat,31.61,34.76,86.0,62,0,1.99,IL,1600869836
436,Tataouine,32.93,10.45,102.2,10,20,16.11,TN,1600869926
437,Dornbirn,47.42,9.73,70.0,82,75,4.7,AT,1600870113
438,Whitianga,-36.83,175.7,59.0,91,65,4.0,NZ,1600870113
439,Quelimane,-17.88,36.89,80.6,61,20,21.92,MZ,1600870113
440,Sokoto,13.06,5.24,94.98,35,0,1.61,NG,1600870113
441,Cayenne,4.93,-52.33,86.0,74,79,8.05,GF,1600869908
442,Fairbanks,64.84,-147.72,43.0,80,90,3.87,US,1600869856
443,Ambilobe,-13.2,49.05,81.95,48,95,5.01,MG,1600870114
444,Umm Kaddadah,13.6,26.69,96.24,27,81,8.41,SD,1600870114
445,Broken Hill,-31.95,141.43,51.8,71,0,9.17,AU,1600870114
446,Paris,48.85,2.35,75.0,68,64,12.75,FR,1600869666
447,Kavaratti,10.57,72.64,81.79,80,98,18.9,IN,1600870115
448,Iglesias,39.31,8.54,86.0,45,20,11.41,IT,1600870115
449,Bagotville,-28.98,153.42,68.0,82,75,8.05,AU,1600870116
450,Praia da Vitória,38.73,-27.07,70.0,88,75,24.14,PT,1600870116
451,Magadan,59.57,150.8,40.03,69,77,7.27,RU,1600869830
452,Poum,-20.23,164.02,72.32,77,10,8.61,NC,1600870116
453,Burnie,-41.07,145.92,46.0,76,28,3.0,AU,1600870116
454,Leh,34.17,77.58,56.73,28,1,5.75,IN,1600870117
455,Eilat,29.56,34.95,98.6,35,0,16.11,IL,1600870117
456,Provincia di Campobasso,41.63,14.58,79.0,90,91,1.01,IT,1600870117
457,Porosozero,62.72,32.73,54.32,75,59,8.95,RU,1600870117
458,Pitimbu,-7.47,-34.81,82.4,61,75,14.99,BR,1600870118
459,Švenčionys,55.15,26.17,68.92,61,5,7.4,LT,1600870118
460,Uvarovka,55.53,35.61,65.5,71,0,4.59,RU,1600870118
461,Bealanana,-14.55,48.73,67.86,54,0,8.34,MG,1600870118
462,Grand Gaube,-20.01,57.66,73.0,66,0,7.0,MU,1600870119
463,Puerto Carreño,6.19,-67.49,82.4,74,96,3.36,CO,1600869908
464,Dzerzhinskoye,56.83,95.23,54.57,92,100,7.81,RU,1600870119
465,Van Buren,35.44,-94.35,63.0,93,90,5.82,US,1600870119
466,Hobyo,5.35,48.53,79.38,76,57,27.22,SO,1600870120
467,Aklavik,68.22,-135.01,32.0,89,90,9.17,CA,1600870120
468,Starkville,33.45,-88.82,64.4,88,90,4.7,US,1600870120
469,Inuvik,68.35,-133.72,32.0,86,90,9.17,CA,1600870120
470,Tiksi,71.69,128.87,45.23,68,48,16.28,RU,1600870121
471,Manoel Urbano,-8.84,-69.26,84.24,50,84,4.21,BR,1600870121
472,Severo-Kuril'sk,50.68,156.12,47.19,76,9,14.43,RU,1600870121
473,Tiznit Province,29.58,-9.5,91.67,22,0,8.77,MA,1600870121
474,Sioux Lookout,50.1,-91.92,53.6,87,75,6.93,CA,1600870122
475,High Level,58.52,-117.14,37.4,100,75,2.24,CA,1600870122
476,Vágur,61.47,-6.81,49.53,68,68,21.99,FO,1600870122
477,Sabang,5.89,95.32,81.32,82,93,21.47,ID,1600870122
478,Bonfim,3.08,-59.95,88.18,60,35,9.44,BR,1600870123
479,Darhan,49.49,105.92,46.38,55,15,2.1,MN,1600870123
480,Palmer,42.16,-72.33,63.0,62,1,8.23,US,1600869834
481,Kloulklubed,7.04,134.26,77.0,94,75,3.36,PW,1600870123
482,Conway,35.09,-92.44,62.6,100,90,9.17,US,1600869876
483,Santa Rosa,14.31,121.11,78.8,88,75,3.36,PH,1600870124
484,Srednekolymsk,67.45,153.68,38.28,86,30,6.06,RU,1600870124
485,Florø,61.6,5.03,51.8,62,40,12.75,NO,1600870124
486,Piripiri,-4.27,-41.78,100.15,20,0,8.75,BR,1600870125
487,Aykhal,66.0,111.5,46.4,49,20,8.95,RU,1600870125
488,Machinga,-15.17,35.3,80.73,37,82,6.11,MW,1600870125
489,Oktyabr'skiy,54.48,53.47,52.05,61,99,9.62,RU,1600870125
490,Kununurra,-15.77,128.73,80.6,74,33,2.24,AU,1600870126
491,Kamenka,51.32,42.77,69.24,43,65,5.3,RU,1600870126
492,Saint Anthony,45.02,-93.22,68.0,77,1,5.82,US,1600870126
493,Camopi,3.17,-52.32,87.22,53,93,4.99,GF,1600870126
494,Asău,46.43,26.4,73.99,52,5,6.31,RO,1600870127
495,Pacific Grove,36.62,-121.92,53.6,87,1,4.9,US,1600870002
496,Edd,13.93,41.69,92.79,52,46,11.27,ER,1600870127
497,Conceição do Araguaia,-8.26,-49.26,96.66,38,0,5.73,BR,1600870108
498,Jacareacanga,-6.22,-57.75,82.4,74,0,2.24,BR,1600870127
499,Maxixe,-23.86,35.35,75.2,57,40,11.41,MZ,1600870128
500,Delījān,33.99,50.68,81.68,16,0,10.25,IR,1600870128
501,Yamada,39.47,141.95,64.89,86,99,11.1,JP,1600870128
502,Manicoré,-5.81,-61.3,90.19,53,51,4.41,BR,1600870129
503,Partyzany,46.33,34.75,71.53,47,0,10.85,UA,1600870129
504,Matagami,49.75,-77.63,55.4,87,90,9.17,CA,1600870129
505,Jacqueville,5.21,-4.41,82.4,78,40,14.99,CI,1600870129
506,Mezen',65.85,44.24,45.7,81,25,3.36,RU,1600870129
507,Bambanglipuro,-7.95,110.28,76.95,88,96,3.85,ID,1600870130
508,Nadym,65.53,72.52,40.59,73,41,10.78,RU,1600870130
509,Kodinsk,58.69,99.18,47.39,68,85,7.76,RU,1600870130
510,Shimoda,34.67,138.95,66.0,87,100,8.01,JP,1600870130
511,Kanigiri,15.4,79.52,85.1,65,52,5.57,IN,1600870131
512,Wawa,9.9,4.42,87.62,60,5,3.6,NG,1600870131
513,Thinadhoo,0.53,72.93,83.17,64,0,6.42,MV,1600870131
514,Kjøllefjord,70.95,27.35,44.6,75,98,5.82,NO,1600870131
515,Gaza,31.5,34.47,86.0,58,20,11.41,PS,1600870132
516,Saint-Augustin,51.23,-58.65,57.15,91,100,13.51,CA,1600870132
517,Saint-Pierre,-21.34,55.48,73.4,60,75,14.99,RE,1600870132
518,Adrar,20.5,-10.07,103.21,12,0,12.71,MR,1600870132
519,Bilibino,68.05,166.44,32.76,95,100,5.17,RU,1600870133
520,Pangnirtung,66.15,-65.71,39.2,29,90,12.75,CA,1600870133
521,Tual,-5.67,132.75,80.47,84,33,17.22,ID,1600870133
522,Kasama,-10.21,31.18,86.18,23,81,10.49,ZM,1600870134
523,Dolores,-36.31,-57.68,63.07,63,100,7.34,AR,1600870134
524,Hwange,-18.37,26.5,91.27,19,0,9.06,ZW,1600870134
525,San Antonio,29.42,-98.49,72.0,88,75,10.13,US,1600869990
